person,scenename,score
abe,A_a,0.369463117
abe,A_b,0.729387708
abe,B_a,0.881835645
abe,B_b,0.069211697
abe,C_a,0.237658828
abe,C_b,0.998505932
beppu,A_a,0.236093216
beppu,A_b,0.790320271
beppu,B_a,0.469231992
beppu,B_b,0.470920267
beppu,C_a,0.062347364
beppu,C_b,0.478027593
sida,A_a,0.439641783
sida,A_b,0.62664328
sida,B_a,0.301530592
sida,B_b,0.194697857
sida,C_a,0.725408991
sida,C_b,0.288698105